,mol_sp_study,mb_study_id,mol_study_aid,scientificname,AID,tag_id,deploy_on_date,deploy_off_date,animal_life_stage,animal_sex,attachment_type,deployment_comments,tag_manufacturer_name,tag_mass,tag_model,tag_production_date,tag_readout_method,individual_taxon_canonical_name,tag_local_identifier,study_name,sensor
1,Larus fuscus_q986rc29,q986rc29,q986rc29_91743A,Larus fuscus,91743A,91743,2009-05-25 12:01:05.000,2009-08-18 07:22:07.000,adult,,harness,,Microwave Telemetry Inc,30.0,PTT-100 Solar Argos/GPS PTT,,satellite,Larus fuscus,91743,Navigation experiments in lesser black-backed gulls (data from Wikelski et al. 2015),"argos-doppler-shift,gps"
2,Larus fuscus_q986rc29,q986rc29,q986rc29_91742A,Larus fuscus,91742A,91742,2009-05-25 00:40:04.000,2010-06-06 16:17:34.000,adult,,harness,,Microwave Telemetry Inc,30.0,PTT-100 Solar Argos/GPS PTT,,satellite,Larus fuscus,91742,Navigation experiments in lesser black-backed gulls (data from Wikelski et al. 2015),"argos-doppler-shift,gps"
3,Larus fuscus_q986rc29,q986rc29,q986rc29_91765A,Larus fuscus,91765A,91765,2009-05-25 15:21:40.000,2009-08-03 11:36:05.000,adult,,harness,,Microwave Telemetry Inc,30.0,PTT-100 Solar Argos/GPS PTT,,satellite,Larus fuscus,91765,Navigation experiments in lesser black-backed gulls (data from Wikelski et al. 2015),"argos-doppler-shift,gps"
4,Larus fuscus_q986rc29,q986rc29,q986rc29_91761A,Larus fuscus,91761A,91761,2009-05-25 00:38:42.000,2012-04-22 19:19:44.000,adult,,harness,,Microwave Telemetry Inc,30.0,PTT-100 Solar Argos/GPS PTT,,satellite,Larus fuscus,91761,Navigation experiments in lesser black-backed gulls (data from Wikelski et al. 2015),"argos-doppler-shift,gps"
5,Larus fuscus_q986rc29,q986rc29,q986rc29_91764A,Larus fuscus,91764A,91764,2009-05-25 12:01:31.000,2009-10-25 15:10:57.000,adult,,harness,,Microwave Telemetry Inc,30.0,PTT-100 Solar Argos/GPS PTT,,satellite,Larus fuscus,91764,Navigation experiments in lesser black-backed gulls (data from Wikelski et al. 2015),"argos-doppler-shift,gps"
6,Larus fuscus_q986rc29,q986rc29,q986rc29_91734A,Larus fuscus,91734A,91734,2009-05-25 00:05:00.000,2009-10-13 10:48:13.000,adult,,harness,,Microwave Telemetry Inc,30.0,PTT-100 Solar Argos/GPS PTT,,satellite,Larus fuscus,91734,Navigation experiments in lesser black-backed gulls (data from Wikelski et al. 2015),"argos-doppler-shift,gps"
7,Larus fuscus_q986rc29,q986rc29,q986rc29_91739A,Larus fuscus,91739A,91739,2009-05-25 15:22:28.000,2011-05-04 19:46:28.000,adult,,harness,,Microwave Telemetry Inc,30.0,PTT-100 Solar Argos/GPS PTT,,satellite,Larus fuscus,91739,Navigation experiments in lesser black-backed gulls (data from Wikelski et al. 2015),"argos-doppler-shift,gps"
8,Larus fuscus_q986rc29,q986rc29,q986rc29_91759A,Larus fuscus,91759A,91759,2009-05-25 15:54:12.000,2010-02-28 23:22:59.000,adult,,harness,,Microwave Telemetry Inc,30.0,PTT-100 Solar Argos/GPS PTT,,satellite,Larus fuscus,91759,Navigation experiments in lesser black-backed gulls (data from Wikelski et al. 2015),"argos-doppler-shift,gps"
9,Larus fuscus_q986rc29,q986rc29,q986rc29_91738A,Larus fuscus,91738A,91738,2009-05-26 16:51:13.000,2009-10-01 19:49:33.000,adult,,harness,,Microwave Telemetry Inc,30.0,PTT-100 Solar Argos/GPS PTT,,satellite,Larus fuscus,91738,Navigation experiments in lesser black-backed gulls (data from Wikelski et al. 2015),"argos-doppler-shift,gps"
10,Larus fuscus_q986rc29,q986rc29,q986rc29_91762A,Larus fuscus,91762A,91762,2009-05-26 00:29:54.000,2010-06-18 18:07:06.000,adult,,harness,,Microwave Telemetry Inc,30.0,PTT-100 Solar Argos/GPS PTT,,satellite,Larus fuscus,91762,Navigation experiments in lesser black-backed gulls (data from Wikelski et al. 2015),"argos-doppler-shift,gps"
11,Larus fuscus_q986rc29,q986rc29,q986rc29_91781A,Larus fuscus,91781A,91781,2009-05-27 13:12:20.000,2009-10-19 16:25:33.000,adult,,harness,,Microwave Telemetry Inc,30.0,PTT-100 Solar Argos/GPS PTT,,satellite,Larus fuscus,91781,Navigation experiments in lesser black-backed gulls (data from Wikelski et al. 2015),"argos-doppler-shift,gps"
12,Larus fuscus_q986rc29,q986rc29,q986rc29_91751A,Larus fuscus,91751A,91751,2009-05-27 13:42:50.000,2009-11-21 11:09:03.000,adult,,harness,,Microwave Telemetry Inc,30.0,PTT-100 Solar Argos/GPS PTT,,satellite,Larus fuscus,91751,Navigation experiments in lesser black-backed gulls (data from Wikelski et al. 2015),"argos-doppler-shift,gps"
13,Larus fuscus_q986rc29,q986rc29,q986rc29_91755A,Larus fuscus,91755A,91755,2009-05-27 09:52:38.000,2009-09-28 03:59:53.000,adult,,harness,,Microwave Telemetry Inc,30.0,PTT-100 Solar Argos/GPS PTT,,satellite,Larus fuscus,91755,Navigation experiments in lesser black-backed gulls (data from Wikelski et al. 2015),"argos-doppler-shift,gps"
14,Larus fuscus_q986rc29,q986rc29,q986rc29_91735A,Larus fuscus,91735A,91735,2009-05-27 13:50:58.000,2009-10-01 03:06:08.000,adult,,harness,local dead,Microwave Telemetry Inc,30.0,PTT-100 Solar Argos/GPS PTT,,satellite,Larus fuscus,91735,Navigation experiments in lesser black-backed gulls (data from Wikelski et al. 2015),"argos-doppler-shift,gps"
15,Larus fuscus_q986rc29,q986rc29,q986rc29_91741A,Larus fuscus,91741A,91741,2009-05-27 11:36:12.000,2009-11-23 10:25:35.000,adult,,harness,,Microwave Telemetry Inc,30.0,PTT-100 Solar Argos/GPS PTT,,satellite,Larus fuscus,91741,Navigation experiments in lesser black-backed gulls (data from Wikelski et al. 2015),"argos-doppler-shift,gps"
16,Larus fuscus_q986rc29,q986rc29,q986rc29_91758A,Larus fuscus,91758A,91758,2009-05-27 09:58:13.000,2010-03-23 15:48:37.000,adult,,harness,,Microwave Telemetry Inc,30.0,PTT-100 Solar Argos/GPS PTT,,satellite,Larus fuscus,91758,Navigation experiments in lesser black-backed gulls (data from Wikelski et al. 2015),"argos-doppler-shift,gps"
17,Larus fuscus_q986rc29,q986rc29,q986rc29_91779A,Larus fuscus,91779A,91779,2009-05-27 13:42:21.000,2009-09-29 13:28:45.000,adult,,harness,,Microwave Telemetry Inc,30.0,PTT-100 Solar Argos/GPS PTT,,satellite,Larus fuscus,91779,Navigation experiments in lesser black-backed gulls (data from Wikelski et al. 2015),"argos-doppler-shift,gps"
18,Larus fuscus_q986rc29,q986rc29,q986rc29_91732A,Larus fuscus,91732A,91732,2009-05-27 13:16:31.000,2010-10-28 23:32:12.000,adult,,harness,,Microwave Telemetry Inc,30.0,PTT-100 Solar Argos/GPS PTT,,satellite,Larus fuscus,91732,Navigation experiments in lesser black-backed gulls (data from Wikelski et al. 2015),"argos-doppler-shift,gps"
19,Larus fuscus_q986rc29,q986rc29,q986rc29_91780A,Larus fuscus,91780A,91780,2009-05-27 05:00:00.000,2010-03-23 11:43:26.000,adult,,harness,,Microwave Telemetry Inc,30.0,PTT-100 Solar Argos/GPS PTT,,satellite,Larus fuscus,91780,Navigation experiments in lesser black-backed gulls (data from Wikelski et al. 2015),"argos-doppler-shift,gps"
20,Larus fuscus_q986rc29,q986rc29,q986rc29_91748A,Larus fuscus,91748A,91748,2009-05-31 15:31:40.000,2009-09-29 11:51:46.000,adult,,harness,,Microwave Telemetry Inc,30.0,PTT-100 Solar Argos/GPS PTT,,satellite,Larus fuscus,91748,Navigation experiments in lesser black-backed gulls (data from Wikelski et al. 2015),"argos-doppler-shift,gps"
21,Larus fuscus_q986rc29,q986rc29,q986rc29_91746A,Larus fuscus,91746A,91746,2009-06-01 18:27:16.000,2009-11-12 14:59:56.000,adult,,harness,,Microwave Telemetry Inc,30.0,PTT-100 Solar Argos/GPS PTT,,satellite,Larus fuscus,91746,Navigation experiments in lesser black-backed gulls (data from Wikelski et al. 2015),"argos-doppler-shift,gps"
22,Larus fuscus_q986rc29,q986rc29,q986rc29_91740A,Larus fuscus,91740A,91740,2009-06-01 05:00:00.000,2009-10-01 11:41:40.000,adult,,harness,,Microwave Telemetry Inc,30.0,PTT-100 Solar Argos/GPS PTT,,satellite,Larus fuscus,91740,Navigation experiments in lesser black-backed gulls (data from Wikelski et al. 2015),"argos-doppler-shift,gps"
23,Larus fuscus_q986rc29,q986rc29,q986rc29_91774A,Larus fuscus,91774A,91774,2009-06-02 18:05:04.000,2009-11-18 14:53:42.000,adult,,harness,,Microwave Telemetry Inc,30.0,PTT-100 Solar Argos/GPS PTT,,satellite,Larus fuscus,91774,Navigation experiments in lesser black-backed gulls (data from Wikelski et al. 2015),"argos-doppler-shift,gps"
24,Larus fuscus_q986rc29,q986rc29,q986rc29_91749A,Larus fuscus,91749A,91749,2009-06-02 18:03:26.000,2009-10-22 10:59:43.000,adult,,harness,,Microwave Telemetry Inc,30.0,PTT-100 Solar Argos/GPS PTT,,satellite,Larus fuscus,91749,Navigation experiments in lesser black-backed gulls (data from Wikelski et al. 2015),"argos-doppler-shift,gps"
25,Larus fuscus_q986rc29,q986rc29,q986rc29_91775A,Larus fuscus,91775A,91775,2009-07-18 08:00:00.000,2010-06-24 14:22:40.000,adult (pre-mating),,harness,,Microwave Telemetry Inc,30.0,PTT-100 Solar Argos/GPS PTT,,satellite,Larus fuscus,91775,Navigation experiments in lesser black-backed gulls (data from Wikelski et al. 2015),"argos-doppler-shift,gps"
26,Larus fuscus_q986rc29,q986rc29,q986rc29_91754A,Larus fuscus,91754A,91754,2009-07-18 12:42:22.000,2009-11-18 13:04:06.000,adult (pre-mating),,harness,,Microwave Telemetry Inc,30.0,PTT-100 Solar Argos/GPS PTT,,satellite,Larus fuscus,91754,Navigation experiments in lesser black-backed gulls (data from Wikelski et al. 2015),"argos-doppler-shift,gps"
27,Larus fuscus_q986rc29,q986rc29,q986rc29_91771A,Larus fuscus,91771A,91771,2009-07-18 07:52:46.000,2010-02-27 23:30:08.000,adult (pre-mating),,harness,,Microwave Telemetry Inc,30.0,PTT-100 Solar Argos/GPS PTT,,satellite,Larus fuscus,91771,Navigation experiments in lesser black-backed gulls (data from Wikelski et al. 2015),"argos-doppler-shift,gps"
28,Larus fuscus_q986rc29,q986rc29,q986rc29_91763A,Larus fuscus,91763A,91763,2009-07-18 11:54:09.000,2013-03-26 23:02:55.000,adult (pre-mating),,harness,,Microwave Telemetry Inc,30.0,PTT-100 Solar Argos/GPS PTT,,satellite,Larus fuscus,91763,Navigation experiments in lesser black-backed gulls (data from Wikelski et al. 2015),"argos-doppler-shift,gps"
29,Larus fuscus_q986rc29,q986rc29,q986rc29_91776A,Larus fuscus,91776A,91776,2009-07-19 17:08:55.000,2009-09-05 11:26:12.000,adult (pre-mating),,harness,,Microwave Telemetry Inc,30.0,PTT-100 Solar Argos/GPS PTT,,satellite,Larus fuscus,91776,Navigation experiments in lesser black-backed gulls (data from Wikelski et al. 2015),"argos-doppler-shift,gps"
30,Larus fuscus_q986rc29,q986rc29,q986rc29_91766A,Larus fuscus,91766A,91766,2009-07-19 14:00:00.000,2009-09-14 04:35:54.000,adult (pre-mating),,harness,,Microwave Telemetry Inc,30.0,PTT-100 Solar Argos/GPS PTT,,satellite,Larus fuscus,91766,Navigation experiments in lesser black-backed gulls (data from Wikelski et al. 2015),"argos-doppler-shift,gps"
31,Larus fuscus_q986rc29,q986rc29,q986rc29_91752A,Larus fuscus,91752A,91752,2009-07-19 14:00:00.000,2013-07-04 23:31:38.000,adult (pre-mating),,harness,,Microwave Telemetry Inc,30.0,PTT-100 Solar Argos/GPS PTT,,satellite,Larus fuscus,91752,Navigation experiments in lesser black-backed gulls (data from Wikelski et al. 2015),"argos-doppler-shift,gps"
32,Larus fuscus_q986rc29,q986rc29,q986rc29_91747A,Larus fuscus,91747A,91747,2009-07-19 16:14:56.000,2009-10-07 19:30:30.000,adult (pre-mating),,harness,,Microwave Telemetry Inc,30.0,PTT-100 Solar Argos/GPS PTT,,satellite,Larus fuscus,91747,Navigation experiments in lesser black-backed gulls (data from Wikelski et al. 2015),"argos-doppler-shift,gps"
33,Larus fuscus_q986rc29,q986rc29,q986rc29_91737A,Larus fuscus,91737A,91737,2009-07-26 05:00:00.000,2010-05-01 02:01:00.000,adult,,harness,,Microwave Telemetry Inc,30.0,PTT-100 Solar Argos/GPS PTT,,satellite,Larus fuscus,91737,Navigation experiments in lesser black-backed gulls (data from Wikelski et al. 2015),"argos-doppler-shift,gps"
34,Larus fuscus_q986rc29,q986rc29,q986rc29_91919A,Larus fuscus,91919A,91919,2009-08-19 14:27:43.000,2009-09-18 22:33:03.000,adult,,harness,local dead,Microwave Telemetry Inc,30.0,PTT-100 Solar Argos/GPS PTT,,satellite,Larus fuscus,91919,Navigation experiments in lesser black-backed gulls (data from Wikelski et al. 2015),"argos-doppler-shift,gps"
35,Larus fuscus_q986rc29,q986rc29,q986rc29_91839A,Larus fuscus,91839A,91839,2009-08-18 15:09:31.000,2009-09-14 13:21:47.000,adult,,harness,local dead,Microwave Telemetry Inc,30.0,PTT-100 Solar Argos/GPS PTT,,satellite,Larus fuscus,91839,Navigation experiments in lesser black-backed gulls (data from Wikelski et al. 2015),"argos-doppler-shift,gps"
36,Larus fuscus_q986rc29,q986rc29,q986rc29_91897A,Larus fuscus,91897A,91897,2009-08-15 11:19:29.000,2009-08-23 15:00:00.000,adult,,harness,local dead,Microwave Telemetry Inc,30.0,PTT-100 Solar Argos/GPS PTT,,satellite,Larus fuscus,91897,Navigation experiments in lesser black-backed gulls (data from Wikelski et al. 2015),"argos-doppler-shift,gps"
37,Larus fuscus_q986rc29,q986rc29,q986rc29_91829A,Larus fuscus,91829A,91829,2009-08-15 11:10:42.000,2009-09-05 21:07:55.000,adult,,harness,local dead,Microwave Telemetry Inc,30.0,PTT-100 Solar Argos/GPS PTT,,satellite,Larus fuscus,91829,Navigation experiments in lesser black-backed gulls (data from Wikelski et al. 2015),"argos-doppler-shift,gps"
38,Larus fuscus_q986rc29,q986rc29,q986rc29_91807A,Larus fuscus,91807A,91807,2009-08-18 07:25:32.000,2009-09-02 12:34:32.000,adult,,harness,local dead,Microwave Telemetry Inc,30.0,PTT-100 Solar Argos/GPS PTT,,satellite,Larus fuscus,91807,Navigation experiments in lesser black-backed gulls (data from Wikelski et al. 2015),"argos-doppler-shift,gps"
39,Larus fuscus_q986rc29,q986rc29,q986rc29_91900A,Larus fuscus,91900A,91900,2009-08-18 16:49:00.000,2009-09-29 14:03:27.000,adult,,harness,local dead,Microwave Telemetry Inc,30.0,PTT-100 Solar Argos/GPS PTT,,satellite,Larus fuscus,91900,Navigation experiments in lesser black-backed gulls (data from Wikelski et al. 2015),"argos-doppler-shift,gps"
40,Larus fuscus_q986rc29,q986rc29,q986rc29_91920A,Larus fuscus,91920A,91920,2009-08-19 16:00:46.000,2010-01-09 14:16:09.000,adult,,harness,Israel,Microwave Telemetry Inc,30.0,PTT-100 Solar Argos/GPS PTT,,satellite,Larus fuscus,91920,Navigation experiments in lesser black-backed gulls (data from Wikelski et al. 2015),"argos-doppler-shift,gps"
41,Larus fuscus_q986rc29,q986rc29,q986rc29_91836A,Larus fuscus,91836A,91836,2009-08-18 13:41:03.000,2009-12-15 11:45:39.000,adult,,harness,Victoria,Microwave Telemetry Inc,30.0,PTT-100 Solar Argos/GPS PTT,,satellite,Larus fuscus,91836,Navigation experiments in lesser black-backed gulls (data from Wikelski et al. 2015),"argos-doppler-shift,gps"
42,Larus fuscus_q986rc29,q986rc29,q986rc29_91929A,Larus fuscus,91929A,91929,2009-08-17 20:54:40.000,2009-08-31 11:06:43.000,adult,,harness,local dead,Microwave Telemetry Inc,30.0,PTT-100 Solar Argos/GPS PTT,,satellite,Larus fuscus,91929,Navigation experiments in lesser black-backed gulls (data from Wikelski et al. 2015),"argos-doppler-shift,gps"
43,Larus fuscus_q986rc29,q986rc29,q986rc29_91837A,Larus fuscus,91837A,91837,2009-08-19 04:56:58.000,2010-09-20 23:09:29.000,adult,,harness,Victoria,Microwave Telemetry Inc,30.0,PTT-100 Solar Argos/GPS PTT,,satellite,Larus fuscus,91837,Navigation experiments in lesser black-backed gulls (data from Wikelski et al. 2015),"argos-doppler-shift,gps"
44,Larus fuscus_q986rc29,q986rc29,q986rc29_91788A,Larus fuscus,91788A,91788,2009-08-18 15:24:14.000,2010-10-25 15:05:51.000,adult,,harness,Victoria,Microwave Telemetry Inc,30.0,PTT-100 Solar Argos/GPS PTT,,satellite,Larus fuscus,91788,Navigation experiments in lesser black-backed gulls (data from Wikelski et al. 2015),"argos-doppler-shift,gps"
45,Larus fuscus_q986rc29,q986rc29,q986rc29_91858A,Larus fuscus,91858A,91858,2009-08-18 16:31:22.000,2009-08-24 16:22:15.000,adult,,harness,local dead,Microwave Telemetry Inc,30.0,PTT-100 Solar Argos/GPS PTT,,satellite,Larus fuscus,91858,Navigation experiments in lesser black-backed gulls (data from Wikelski et al. 2015),"argos-doppler-shift,gps"
46,Larus fuscus_q986rc29,q986rc29,q986rc29_91862A,Larus fuscus,91862A,91862,2009-08-19 04:58:41.000,2010-09-14 11:46:32.000,adult,,harness,Victoria,Microwave Telemetry Inc,30.0,PTT-100 Solar Argos/GPS PTT,,satellite,Larus fuscus,91862,Navigation experiments in lesser black-backed gulls (data from Wikelski et al. 2015),"argos-doppler-shift,gps"
47,Larus fuscus_q986rc29,q986rc29,q986rc29_91894A,Larus fuscus,91894A,91894,2009-08-18 16:30:23.000,2009-10-07 13:53:34.000,adult,,harness,local dead,Microwave Telemetry Inc,30.0,PTT-100 Solar Argos/GPS PTT,,satellite,Larus fuscus,91894,Navigation experiments in lesser black-backed gulls (data from Wikelski et al. 2015),"argos-doppler-shift,gps"
48,Larus fuscus_q986rc29,q986rc29,q986rc29_91814A,Larus fuscus,91814A,91814,2009-08-19 14:45:31.000,2012-12-24 11:41:16.000,adult,,harness,Victoria,Microwave Telemetry Inc,30.0,PTT-100 Solar Argos/GPS PTT,,satellite,Larus fuscus,91814,Navigation experiments in lesser black-backed gulls (data from Wikelski et al. 2015),"argos-doppler-shift,gps"
49,Larus fuscus_q986rc29,q986rc29,q986rc29_91893A,Larus fuscus,91893A,91893,2009-08-18 10:50:25.000,2009-10-04 05:54:28.000,adult,,harness,Egypt,Microwave Telemetry Inc,30.0,PTT-100 Solar Argos/GPS PTT,,satellite,Larus fuscus,91893,Navigation experiments in lesser black-backed gulls (data from Wikelski et al. 2015),"argos-doppler-shift,gps"
50,Larus fuscus_q986rc29,q986rc29,q986rc29_91826A,Larus fuscus,91826A,91826,2009-08-18 13:12:19.000,2009-12-06 15:15:02.000,adult,,harness,Egypt,Microwave Telemetry Inc,30.0,PTT-100 Solar Argos/GPS PTT,,satellite,Larus fuscus,91826,Navigation experiments in lesser black-backed gulls (data from Wikelski et al. 2015),"argos-doppler-shift,gps"
51,Larus fuscus_q986rc29,q986rc29,q986rc29_91848A,Larus fuscus,91848A,91848,2009-08-15 10:55:57.000,2009-08-24 21:24:43.000,adult,,harness,local dead,Microwave Telemetry Inc,30.0,PTT-100 Solar Argos/GPS PTT,,satellite,Larus fuscus,91848,Navigation experiments in lesser black-backed gulls (data from Wikelski et al. 2015),"argos-doppler-shift,gps"
52,Larus fuscus_q986rc29,q986rc29,q986rc29_91913A,Larus fuscus,91913A,91913,2009-08-18 16:47:55.000,2009-08-27 18:02:23.000,adult,,harness,local dead,Microwave Telemetry Inc,30.0,PTT-100 Solar Argos/GPS PTT,,satellite,Larus fuscus,91913,Navigation experiments in lesser black-backed gulls (data from Wikelski et al. 2015),"argos-doppler-shift,gps"
53,Larus fuscus_q986rc29,q986rc29,q986rc29_91838A,Larus fuscus,91838A,91838,2009-08-19 03:54:16.000,2009-09-06 18:35:36.000,adult,,harness,local dead,Microwave Telemetry Inc,30.0,PTT-100 Solar Argos/GPS PTT,,satellite,Larus fuscus,91838,Navigation experiments in lesser black-backed gulls (data from Wikelski et al. 2015),"argos-doppler-shift,gps"
54,Larus fuscus_q986rc29,q986rc29,q986rc29_91878A,Larus fuscus,91878A,91878,2009-08-19 14:45:40.000,2010-05-31 04:28:21.000,adult,,harness,Victoria,Microwave Telemetry Inc,30.0,PTT-100 Solar Argos/GPS PTT,,satellite,Larus fuscus,91878,Navigation experiments in lesser black-backed gulls (data from Wikelski et al. 2015),"argos-doppler-shift,gps"
55,Larus fuscus_q986rc29,q986rc29,q986rc29_91803A,Larus fuscus,91803A,91803,2009-08-18 08:00:00.000,2010-01-18 15:29:52.000,adult,,harness,Victoria,Microwave Telemetry Inc,30.0,PTT-100 Solar Argos/GPS PTT,,satellite,Larus fuscus,91803,Navigation experiments in lesser black-backed gulls (data from Wikelski et al. 2015),"argos-doppler-shift,gps"
56,Larus fuscus_q986rc29,q986rc29,q986rc29_91832A,Larus fuscus,91832A,91832,2009-08-18 16:48:57.000,2013-09-02 15:07:01.000,adult,,harness,Victoria,Microwave Telemetry Inc,30.0,PTT-100 Solar Argos/GPS PTT,,satellite,Larus fuscus,91832,Navigation experiments in lesser black-backed gulls (data from Wikelski et al. 2015),"argos-doppler-shift,gps"
57,Larus fuscus_q986rc29,q986rc29,q986rc29_91849A,Larus fuscus,91849A,91849,2009-08-18 12:23:16.000,2009-10-28 00:20:19.000,adult,,harness,turkey,Microwave Telemetry Inc,30.0,PTT-100 Solar Argos/GPS PTT,,satellite,Larus fuscus,91849,Navigation experiments in lesser black-backed gulls (data from Wikelski et al. 2015),"argos-doppler-shift,gps"
58,Larus fuscus_q986rc29,q986rc29,q986rc29_91921A,Larus fuscus,91921A,91921,2009-08-19 14:44:17.000,2009-10-10 12:25:24.000,adult,,harness,local dead,Microwave Telemetry Inc,30.0,PTT-100 Solar Argos/GPS PTT,,satellite,Larus fuscus,91921,Navigation experiments in lesser black-backed gulls (data from Wikelski et al. 2015),"argos-doppler-shift,gps"
59,Larus fuscus_q986rc29,q986rc29,q986rc29_91815A,Larus fuscus,91815A,91815,2009-08-19 04:56:54.000,2009-09-03 17:56:26.000,adult,,harness,local dead,Microwave Telemetry Inc,30.0,PTT-100 Solar Argos/GPS PTT,,satellite,Larus fuscus,91815,Navigation experiments in lesser black-backed gulls (data from Wikelski et al. 2015),"argos-doppler-shift,gps"
60,Larus fuscus_q986rc29,q986rc29,q986rc29_91901A,Larus fuscus,91901A,91901,2009-08-19 14:45:37.000,2009-09-15 17:16:59.000,juv,,harness,local dead,Microwave Telemetry Inc,30.0,PTT-100 Solar Argos/GPS PTT,,satellite,Larus fuscus,91901,Navigation experiments in lesser black-backed gulls (data from Wikelski et al. 2015),"argos-doppler-shift,gps"
61,Larus fuscus_q986rc29,q986rc29,q986rc29_91880A,Larus fuscus,91880A,91880,2009-08-10 08:00:00.000,2009-08-22 01:48:31.000,adult,,harness,,Microwave Telemetry Inc,30.0,PTT-100 Solar Argos/GPS PTT,,satellite,Larus fuscus,91880,Navigation experiments in lesser black-backed gulls (data from Wikelski et al. 2015),"argos-doppler-shift,gps"
62,Larus fuscus_q986rc29,q986rc29,q986rc29_91823A,Larus fuscus,91823A,91823,2009-08-15 11:05:32.000,2013-08-12 11:46:10.000,adult,,harness,Egypt,Microwave Telemetry Inc,30.0,PTT-100 Solar Argos/GPS PTT,,satellite,Larus fuscus,91823,Navigation experiments in lesser black-backed gulls (data from Wikelski et al. 2015),"argos-doppler-shift,gps"
63,Larus fuscus_q986rc29,q986rc29,q986rc29_91767A,Larus fuscus,91767A,91767,2009-08-15 11:17:10.000,2009-10-15 15:25:53.000,adult,,harness,local dead,Microwave Telemetry Inc,30.0,PTT-100 Solar Argos/GPS PTT,,satellite,Larus fuscus,91767,Navigation experiments in lesser black-backed gulls (data from Wikelski et al. 2015),"argos-doppler-shift,gps"
64,Larus fuscus_q986rc29,q986rc29,q986rc29_91787A,Larus fuscus,91787A,91787,2009-08-15 11:07:50.000,2009-08-27 08:49:09.000,adult,,harness,local dead,Microwave Telemetry Inc,30.0,PTT-100 Solar Argos/GPS PTT,,satellite,Larus fuscus,91787,Navigation experiments in lesser black-backed gulls (data from Wikelski et al. 2015),"argos-doppler-shift,gps"
65,Larus fuscus_q986rc29,q986rc29,q986rc29_91911A,Larus fuscus,91911A,91911,2009-08-15 11:08:21.000,2010-03-24 11:45:40.000,adult,,harness,Black Sea,Microwave Telemetry Inc,30.0,PTT-100 Solar Argos/GPS PTT,,satellite,Larus fuscus,91911,Navigation experiments in lesser black-backed gulls (data from Wikelski et al. 2015),"argos-doppler-shift,gps"
66,Larus fuscus_q986rc29,q986rc29,q986rc29_91813A,Larus fuscus,91813A,91813,2009-08-15 11:09:33.000,2009-10-16 17:06:18.000,adult,,harness,Austria,Microwave Telemetry Inc,30.0,PTT-100 Solar Argos/GPS PTT,,satellite,Larus fuscus,91813,Navigation experiments in lesser black-backed gulls (data from Wikelski et al. 2015),"argos-doppler-shift,gps"
67,Larus fuscus_q986rc29,q986rc29,q986rc29_91831A,Larus fuscus,91831A,91831,2009-08-17 13:49:35.000,2010-04-10 23:46:05.000,adult,,harness,Victoria,Microwave Telemetry Inc,30.0,PTT-100 Solar Argos/GPS PTT,,satellite,Larus fuscus,91831,Navigation experiments in lesser black-backed gulls (data from Wikelski et al. 2015),"argos-doppler-shift,gps"
68,Larus fuscus_q986rc29,q986rc29,q986rc29_91821A,Larus fuscus,91821A,91821,2009-08-15 11:05:48.000,2009-11-21 16:30:58.000,adult,,harness,Chad,Microwave Telemetry Inc,30.0,PTT-100 Solar Argos/GPS PTT,,satellite,Larus fuscus,91821,Navigation experiments in lesser black-backed gulls (data from Wikelski et al. 2015),"argos-doppler-shift,gps"
69,Larus fuscus_q986rc29,q986rc29,q986rc29_91908A,Larus fuscus,91908A,91908,2009-08-15 11:18:21.000,2009-10-13 08:19:00.000,adult,,harness,Black Sea,Microwave Telemetry Inc,30.0,PTT-100 Solar Argos/GPS PTT,,satellite,Larus fuscus,91908,Navigation experiments in lesser black-backed gulls (data from Wikelski et al. 2015),"argos-doppler-shift,gps"
70,Larus fuscus_q986rc29,q986rc29,q986rc29_91918A,Larus fuscus,91918A,91918,2009-08-15 11:08:55.000,2009-09-08 09:38:43.000,adult,,harness,local dead,Microwave Telemetry Inc,30.0,PTT-100 Solar Argos/GPS PTT,,satellite,Larus fuscus,91918,Navigation experiments in lesser black-backed gulls (data from Wikelski et al. 2015),"argos-doppler-shift,gps"
71,Larus fuscus_q986rc29,q986rc29,q986rc29_91870A,Larus fuscus,91870A,91870,2009-08-15 11:07:24.000,2009-10-16 17:08:24.000,adult,,harness,local dead,Microwave Telemetry Inc,30.0,PTT-100 Solar Argos/GPS PTT,,satellite,Larus fuscus,91870,Navigation experiments in lesser black-backed gulls (data from Wikelski et al. 2015),"argos-doppler-shift,gps"
72,Larus fuscus_q986rc29,q986rc29,q986rc29_91830A,Larus fuscus,91830A,91830,2009-08-15 11:08:08.000,2009-08-27 09:49:09.000,adult,,harness,local dead,Microwave Telemetry Inc,30.0,PTT-100 Solar Argos/GPS PTT,,satellite,Larus fuscus,91830,Navigation experiments in lesser black-backed gulls (data from Wikelski et al. 2015),"argos-doppler-shift,gps"
73,Larus fuscus_q986rc29,q986rc29,q986rc29_91750A,Larus fuscus,91750A,91750,2009-08-15 11:10:40.000,2009-10-25 00:59:10.000,adult,,harness,Malta,Microwave Telemetry Inc,30.0,PTT-100 Solar Argos/GPS PTT,,satellite,Larus fuscus,91750,Navigation experiments in lesser black-backed gulls (data from Wikelski et al. 2015),"argos-doppler-shift,gps"
74,Larus fuscus_q986rc29,q986rc29,q986rc29_91864A,Larus fuscus,91864A,91864,2009-08-15 11:10:06.000,2013-01-07 04:21:25.000,adult,,harness,Egypt,Microwave Telemetry Inc,30.0,PTT-100 Solar Argos/GPS PTT,,satellite,Larus fuscus,91864,Navigation experiments in lesser black-backed gulls (data from Wikelski et al. 2015),"argos-doppler-shift,gps"
75,Larus fuscus_q986rc29,q986rc29,q986rc29_91877A,Larus fuscus,91877A,91877,2009-08-15 10:56:14.000,2009-11-24 14:09:59.000,adult,,harness,Ethiopia,Microwave Telemetry Inc,30.0,PTT-100 Solar Argos/GPS PTT,,satellite,Larus fuscus,91877,Navigation experiments in lesser black-backed gulls (data from Wikelski et al. 2015),"argos-doppler-shift,gps"
76,Larus fuscus_q986rc29,q986rc29,q986rc29_91871A,Larus fuscus,91871A,91871,2009-08-15 11:18:16.000,2009-12-21 20:05:20.000,adult,,harness,CAR,Microwave Telemetry Inc,30.0,PTT-100 Solar Argos/GPS PTT,,satellite,Larus fuscus,91871,Navigation experiments in lesser black-backed gulls (data from Wikelski et al. 2015),"argos-doppler-shift,gps"
77,Larus fuscus_q986rc29,q986rc29,q986rc29_91850A,Larus fuscus,91850A,91850,2009-08-15 11:09:42.000,2009-08-21 13:35:37.000,adult,,harness,local dead,Microwave Telemetry Inc,30.0,PTT-100 Solar Argos/GPS PTT,,satellite,Larus fuscus,91850,Navigation experiments in lesser black-backed gulls (data from Wikelski et al. 2015),argos-doppler-shift
78,Larus fuscus_q986rc29,q986rc29,q986rc29_91907A,Larus fuscus,91907A,91907,2009-08-15 10:56:16.000,2009-11-30 07:57:07.000,adult,,harness,Kongo,Microwave Telemetry Inc,30.0,PTT-100 Solar Argos/GPS PTT,,satellite,Larus fuscus,91907,Navigation experiments in lesser black-backed gulls (data from Wikelski et al. 2015),"argos-doppler-shift,gps"
79,Larus fuscus_q986rc29,q986rc29,q986rc29_91816A,Larus fuscus,91816A,91816,2009-08-15 11:07:22.000,2009-08-27 09:50:43.000,adult,,harness,local dead,Microwave Telemetry Inc,30.0,PTT-100 Solar Argos/GPS PTT,,satellite,Larus fuscus,91816,Navigation experiments in lesser black-backed gulls (data from Wikelski et al. 2015),"argos-doppler-shift,gps"
80,Larus fuscus_q986rc29,q986rc29,q986rc29_91733A,Larus fuscus,91733A,91733,2009-08-15 11:19:26.000,2009-08-27 09:48:52.000,adult,,harness,local dead,Microwave Telemetry Inc,30.0,PTT-100 Solar Argos/GPS PTT,,satellite,Larus fuscus,91733,Navigation experiments in lesser black-backed gulls (data from Wikelski et al. 2015),"argos-doppler-shift,gps"
81,Larus fuscus_q986rc29,q986rc29,q986rc29_91802A,Larus fuscus,91802A,91802,2009-08-15 11:08:37.000,2009-12-24 05:32:23.000,adult,,harness,Chad,Microwave Telemetry Inc,30.0,PTT-100 Solar Argos/GPS PTT,,satellite,Larus fuscus,91802,Navigation experiments in lesser black-backed gulls (data from Wikelski et al. 2015),"argos-doppler-shift,gps"
82,Larus fuscus_q986rc29,q986rc29,q986rc29_91866A,Larus fuscus,91866A,91866,2009-08-15 11:20:26.000,2009-09-11 07:29:01.000,adult,,harness,local dead,Microwave Telemetry Inc,30.0,PTT-100 Solar Argos/GPS PTT,,satellite,Larus fuscus,91866,Navigation experiments in lesser black-backed gulls (data from Wikelski et al. 2015),"argos-doppler-shift,gps"
83,Larus fuscus_q986rc29,q986rc29,q986rc29_91835A,Larus fuscus,91835A,91835,2009-08-15 11:09:28.000,2009-09-08 09:42:47.000,adult,,harness,local dead,Microwave Telemetry Inc,30.0,PTT-100 Solar Argos/GPS PTT,,satellite,Larus fuscus,91835,Navigation experiments in lesser black-backed gulls (data from Wikelski et al. 2015),"argos-doppler-shift,gps"
84,Larus fuscus_q986rc29,q986rc29,q986rc29_91916A,Larus fuscus,91916A,91916,2009-08-15 11:08:07.000,2015-09-02 03:49:07.000,adult,,harness,Egypt,Microwave Telemetry Inc,30.0,PTT-100 Solar Argos/GPS PTT,,satellite,Larus fuscus,91916,Navigation experiments in lesser black-backed gulls (data from Wikelski et al. 2015),"argos-doppler-shift,gps"
85,Larus fuscus_q986rc29,q986rc29,q986rc29_91798A,Larus fuscus,91798A,91798,2009-08-15 05:58:29.000,2009-10-16 17:11:36.000,juv,,harness,local dead,Microwave Telemetry Inc,30.0,PTT-100 Solar Argos/GPS PTT,,satellite,Larus fuscus,91798,Navigation experiments in lesser black-backed gulls (data from Wikelski et al. 2015),"argos-doppler-shift,gps"
86,Larus fuscus_q986rc29,q986rc29,q986rc29_91795A,Larus fuscus,91795A,91795,2009-08-15 06:07:54.000,2010-06-11 05:27:43.000,adult,,harness,local dead,Microwave Telemetry Inc,30.0,PTT-100 Solar Argos/GPS PTT,,satellite,Larus fuscus,91795,Navigation experiments in lesser black-backed gulls (data from Wikelski et al. 2015),"argos-doppler-shift,gps"
87,Larus fuscus_q986rc29,q986rc29,q986rc29_91819A,Larus fuscus,91819A,91819,2009-08-15 11:06:01.000,2009-12-21 04:27:32.000,adult,,harness,Egypt,Microwave Telemetry Inc,30.0,PTT-100 Solar Argos/GPS PTT,,satellite,Larus fuscus,91819,Navigation experiments in lesser black-backed gulls (data from Wikelski et al. 2015),"argos-doppler-shift,gps"
88,Larus fuscus_q986rc29,q986rc29,q986rc29_91778A,Larus fuscus,91778A,91778,2009-08-15 11:10:44.000,2009-08-18 16:59:26.000,adult,,harness,local dead,Microwave Telemetry Inc,30.0,PTT-100 Solar Argos/GPS PTT,,satellite,Larus fuscus,91778,Navigation experiments in lesser black-backed gulls (data from Wikelski et al. 2015),"argos-doppler-shift,gps"
89,Larus fuscus_q986rc29,q986rc29,q986rc29_91745A,Larus fuscus,91745A,91745,2009-08-15 11:04:47.000,2010-02-03 16:00:59.000,adult,,harness,local dead,Microwave Telemetry Inc,30.0,PTT-100 Solar Argos/GPS PTT,,satellite,Larus fuscus,91745,Navigation experiments in lesser black-backed gulls (data from Wikelski et al. 2015),"argos-doppler-shift,gps"
90,Larus fuscus_q986rc29,q986rc29,q986rc29_91782A,Larus fuscus,91782A,91782,2009-08-15 11:11:56.000,2010-08-07 15:01:31.000,adult,,harness,Victoria,Microwave Telemetry Inc,30.0,PTT-100 Solar Argos/GPS PTT,,satellite,Larus fuscus,91782,Navigation experiments in lesser black-backed gulls (data from Wikelski et al. 2015),"argos-doppler-shift,gps"
91,Larus fuscus_q986rc29,q986rc29,q986rc29_91800A,Larus fuscus,91800A,91800,2009-08-15 11:06:42.000,2009-08-30 17:58:02.000,adult,,harness,local dead,Microwave Telemetry Inc,30.0,PTT-100 Solar Argos/GPS PTT,,satellite,Larus fuscus,91800,Navigation experiments in lesser black-backed gulls (data from Wikelski et al. 2015),"argos-doppler-shift,gps"
92,Larus fuscus_q986rc29,q986rc29,q986rc29_91910A,Larus fuscus,91910A,91910,2009-08-15 11:09:11.000,2010-10-13 02:12:10.000,adult,,harness,Egypt,Microwave Telemetry Inc,30.0,PTT-100 Solar Argos/GPS PTT,,satellite,Larus fuscus,91910,Navigation experiments in lesser black-backed gulls (data from Wikelski et al. 2015),"argos-doppler-shift,gps"
93,Larus fuscus_q986rc29,q986rc29,q986rc29_91903A,Larus fuscus,91903A,91903,2009-08-15 11:09:02.000,2010-06-12 14:13:32.000,adult,,harness,Egypt,Microwave Telemetry Inc,30.0,PTT-100 Solar Argos/GPS PTT,,satellite,Larus fuscus,91903,Navigation experiments in lesser black-backed gulls (data from Wikelski et al. 2015),"argos-doppler-shift,gps"
94,Larus fuscus_q986rc29,q986rc29,q986rc29_91852A,Larus fuscus,91852A,91852,2009-08-15 11:10:30.000,2009-10-22 20:58:01.000,adult,,harness,Croatia,Microwave Telemetry Inc,30.0,PTT-100 Solar Argos/GPS PTT,,satellite,Larus fuscus,91852,Navigation experiments in lesser black-backed gulls (data from Wikelski et al. 2015),"argos-doppler-shift,gps"
95,Larus fuscus_q986rc29,q986rc29,q986rc29_91854A,Larus fuscus,91854A,91854,2009-08-15 06:02:30.000,2009-09-02 12:35:16.000,juv,,harness,local dead,Microwave Telemetry Inc,30.0,PTT-100 Solar Argos/GPS PTT,,satellite,Larus fuscus,91854,Navigation experiments in lesser black-backed gulls (data from Wikelski et al. 2015),"argos-doppler-shift,gps"
96,Larus fuscus_q986rc29,q986rc29,q986rc29_91756A,Larus fuscus,91756A,91756,2009-08-15 11:06:37.000,2009-09-02 20:36:47.000,adult,,harness,local dead,Microwave Telemetry Inc,30.0,PTT-100 Solar Argos/GPS PTT,,satellite,Larus fuscus,91756,Navigation experiments in lesser black-backed gulls (data from Wikelski et al. 2015),"argos-doppler-shift,gps"
97,Larus fuscus_q986rc29,q986rc29,q986rc29_91744A,Larus fuscus,91744A,91744,2009-08-16 06:00:00.000,2009-09-05 21:10:39.000,adult,,harness,local dead,Microwave Telemetry Inc,30.0,PTT-100 Solar Argos/GPS PTT,,satellite,Larus fuscus,91744,Navigation experiments in lesser black-backed gulls (data from Wikelski et al. 2015),"argos-doppler-shift,gps"
98,Larus fuscus_q986rc29,q986rc29,q986rc29_91769A,Larus fuscus,91769A,91769,2009-08-16 06:00:00.000,2009-08-21 13:37:04.000,adult,,harness,local dead,Microwave Telemetry Inc,30.0,PTT-100 Solar Argos/GPS PTT,,satellite,Larus fuscus,91769,Navigation experiments in lesser black-backed gulls (data from Wikelski et al. 2015),"argos-doppler-shift,gps"
99,Larus fuscus_q986rc29,q986rc29,q986rc29_91783A,Larus fuscus,91783A,91783,2009-08-16 06:00:00.000,2010-04-04 11:21:43.000,adult,,harness,Chad,Microwave Telemetry Inc,30.0,PTT-100 Solar Argos/GPS PTT,,satellite,Larus fuscus,91783,Navigation experiments in lesser black-backed gulls (data from Wikelski et al. 2015),"argos-doppler-shift,gps"
100,Larus fuscus_q986rc29,q986rc29,q986rc29_91846A,Larus fuscus,91846A,91846,2009-08-17 20:00:00.000,2010-08-21 15:05:10.000,adult,,harness,Victoria,Microwave Telemetry Inc,30.0,PTT-100 Solar Argos/GPS PTT,,satellite,Larus fuscus,91846,Navigation experiments in lesser black-backed gulls (data from Wikelski et al. 2015),"argos-doppler-shift,gps"
101,Larus fuscus_q986rc29,q986rc29,q986rc29_91785A,Larus fuscus,91785A,91785,2009-08-17 13:35:32.000,2009-08-20 16:06:57.000,adult,,harness,local dead,Microwave Telemetry Inc,30.0,PTT-100 Solar Argos/GPS PTT,,satellite,Larus fuscus,91785,Navigation experiments in lesser black-backed gulls (data from Wikelski et al. 2015),"argos-doppler-shift,gps"
102,Larus fuscus_q986rc29,q986rc29,q986rc29_91884A,Larus fuscus,91884A,91884,2009-08-18 13:11:58.000,2009-11-03 12:38:22.000,adult,,harness,finland,Microwave Telemetry Inc,30.0,PTT-100 Solar Argos/GPS PTT,,satellite,Larus fuscus,91884,Navigation experiments in lesser black-backed gulls (data from Wikelski et al. 2015),"argos-doppler-shift,gps"
103,Larus fuscus_q986rc29,q986rc29,q986rc29_91797A,Larus fuscus,91797A,91797,2009-08-18 14:00:00.000,2009-08-23 18:24:43.000,adult,,harness,local dead,Microwave Telemetry Inc,30.0,PTT-100 Solar Argos/GPS PTT,,satellite,Larus fuscus,91797,Navigation experiments in lesser black-backed gulls (data from Wikelski et al. 2015),"argos-doppler-shift,gps"
104,Larus fuscus_q986rc29,q986rc29,q986rc29_91875A,Larus fuscus,91875A,91875,2009-08-19 16:03:59.000,2009-09-03 17:51:56.000,juv,,harness,local dead,Microwave Telemetry Inc,30.0,PTT-100 Solar Argos/GPS PTT,,satellite,Larus fuscus,91875,Navigation experiments in lesser black-backed gulls (data from Wikelski et al. 2015),"argos-doppler-shift,gps"
105,Larus fuscus_q986rc29,q986rc29,q986rc29_91777A,Larus fuscus,91777A,91777,2009-08-19 14:45:15.000,2009-08-22 17:02:19.000,adult,,harness,local dead,Microwave Telemetry Inc,30.0,PTT-100 Solar Argos/GPS PTT,,satellite,Larus fuscus,91777,Navigation experiments in lesser black-backed gulls (data from Wikelski et al. 2015),"argos-doppler-shift,gps"
106,Larus fuscus_q986rc29,q986rc29,q986rc29_91812A,Larus fuscus,91812A,91812,2009-08-19 16:02:06.000,2010-01-07 23:11:15.000,juv,,harness,Black Sea,Microwave Telemetry Inc,30.0,PTT-100 Solar Argos/GPS PTT,,satellite,Larus fuscus,91812,Navigation experiments in lesser black-backed gulls (data from Wikelski et al. 2015),"argos-doppler-shift,gps"
107,Larus fuscus_q986rc29,q986rc29,q986rc29_91881A,Larus fuscus,91881A,91881,2009-08-19 16:05:20.000,2009-11-06 00:32:26.000,adult,,harness,Egypt,Microwave Telemetry Inc,30.0,PTT-100 Solar Argos/GPS PTT,,satellite,Larus fuscus,91881,Navigation experiments in lesser black-backed gulls (data from Wikelski et al. 2015),"argos-doppler-shift,gps"
108,Larus fuscus_q986rc29,q986rc29,q986rc29_91845A,Larus fuscus,91845A,91845,2009-08-19 16:02:18.000,2009-11-24 14:10:08.000,adult,,harness,Ethiopia,Microwave Telemetry Inc,30.0,PTT-100 Solar Argos/GPS PTT,,satellite,Larus fuscus,91845,Navigation experiments in lesser black-backed gulls (data from Wikelski et al. 2015),"argos-doppler-shift,gps"
109,Larus fuscus_q986rc29,q986rc29,q986rc29_91885A,Larus fuscus,91885A,91885,2009-08-19 14:26:29.000,2009-09-15 17:15:22.000,juv,,harness,local dead,Microwave Telemetry Inc,30.0,PTT-100 Solar Argos/GPS PTT,,satellite,Larus fuscus,91885,Navigation experiments in lesser black-backed gulls (data from Wikelski et al. 2015),"argos-doppler-shift,gps"
110,Larus fuscus_q986rc29,q986rc29,q986rc29_91828A,Larus fuscus,91828A,91828,2009-08-19 14:45:41.000,2009-09-03 06:21:35.000,adult,,harness,local dead,Microwave Telemetry Inc,30.0,PTT-100 Solar Argos/GPS PTT,,satellite,Larus fuscus,91828,Navigation experiments in lesser black-backed gulls (data from Wikelski et al. 2015),"argos-doppler-shift,gps"
111,Larus fuscus_q986rc29,q986rc29,q986rc29_91824A,Larus fuscus,91824A,91824,2009-08-19 14:45:24.000,2010-07-07 11:02:19.000,adult,,harness,Victoria,Microwave Telemetry Inc,30.0,PTT-100 Solar Argos/GPS PTT,,satellite,Larus fuscus,91824,Navigation experiments in lesser black-backed gulls (data from Wikelski et al. 2015),"argos-doppler-shift,gps"
112,Larus fuscus_q986rc29,q986rc29,q986rc29_91810A,Larus fuscus,91810A,91810,2009-08-19 16:01:35.000,2009-10-10 17:31:21.000,juv,,harness,local dead,Microwave Telemetry Inc,30.0,PTT-100 Solar Argos/GPS PTT,,satellite,Larus fuscus,91810,Navigation experiments in lesser black-backed gulls (data from Wikelski et al. 2015),"argos-doppler-shift,gps"
113,Larus fuscus_q986rc29,q986rc29,q986rc29_91876A,Larus fuscus,91876A,91876,2009-08-19 14:44:27.000,2009-08-31 10:09:48.000,adult,,harness,local dead,Microwave Telemetry Inc,30.0,PTT-100 Solar Argos/GPS PTT,,satellite,Larus fuscus,91876,Navigation experiments in lesser black-backed gulls (data from Wikelski et al. 2015),"argos-doppler-shift,gps"
114,Larus fuscus_q986rc29,q986rc29,q986rc29_91872A,Larus fuscus,91872A,91872,2009-08-19 14:25:33.000,2009-11-06 02:00:22.000,adult,,harness,Ethiopia,Microwave Telemetry Inc,30.0,PTT-100 Solar Argos/GPS PTT,,satellite,Larus fuscus,91872,Navigation experiments in lesser black-backed gulls (data from Wikelski et al. 2015),"argos-doppler-shift,gps"
115,Larus fuscus_q986rc29,q986rc29,q986rc29_91930A,Larus fuscus,91930A,91930,2009-08-19 05:00:00.000,2009-09-02 14:17:47.000,adult,,harness,local dead,Microwave Telemetry Inc,30.0,PTT-100 Solar Argos/GPS PTT,,satellite,Larus fuscus,91930,Navigation experiments in lesser black-backed gulls (data from Wikelski et al. 2015),"argos-doppler-shift,gps"
116,Larus fuscus_q986rc29,q986rc29,q986rc29_91865A,Larus fuscus,91865A,91865,2009-08-19 13:00:00.000,2010-01-22 10:28:40.000,adult,,harness,local dead,Microwave Telemetry Inc,30.0,PTT-100 Solar Argos/GPS PTT,,satellite,Larus fuscus,91865,Navigation experiments in lesser black-backed gulls (data from Wikelski et al. 2015),"argos-doppler-shift,gps"
117,Larus fuscus_q986rc29,q986rc29,q986rc29_91809A,Larus fuscus,91809A,91809,2009-08-19 14:47:42.000,2010-03-23 11:47:50.000,adult,,harness,Egypt,Microwave Telemetry Inc,30.0,PTT-100 Solar Argos/GPS PTT,,satellite,Larus fuscus,91809,Navigation experiments in lesser black-backed gulls (data from Wikelski et al. 2015),"argos-doppler-shift,gps"
118,Larus fuscus_q986rc29,q986rc29,q986rc29_91924A,Larus fuscus,91924A,91924,2009-08-19 14:44:57.000,2009-10-11 09:38:11.000,adult,,harness,local dead,Microwave Telemetry Inc,30.0,PTT-100 Solar Argos/GPS PTT,,satellite,Larus fuscus,91924,Navigation experiments in lesser black-backed gulls (data from Wikelski et al. 2015),"argos-doppler-shift,gps"
119,Larus fuscus_q986rc29,q986rc29,q986rc29_91861A,Larus fuscus,91861A,91861,2009-08-19 15:04:32.000,2009-11-21 10:50:52.000,adult,,harness,Ethiopia,Microwave Telemetry Inc,30.0,PTT-100 Solar Argos/GPS PTT,,satellite,Larus fuscus,91861,Navigation experiments in lesser black-backed gulls (data from Wikelski et al. 2015),"argos-doppler-shift,gps"
120,Larus fuscus_q986rc29,q986rc29,q986rc29_91843A,Larus fuscus,91843A,91843,2009-08-19 14:46:17.000,2009-08-22 10:20:53.000,adult,,harness,local dead,Microwave Telemetry Inc,30.0,PTT-100 Solar Argos/GPS PTT,,satellite,Larus fuscus,91843,Navigation experiments in lesser black-backed gulls (data from Wikelski et al. 2015),"argos-doppler-shift,gps"
121,Larus fuscus_q986rc29,q986rc29,q986rc29_91786A,Larus fuscus,91786A,91786,2009-08-20 04:00:00.000,2009-08-22 17:02:20.000,adult,,harness,local dead,Microwave Telemetry Inc,30.0,PTT-100 Solar Argos/GPS PTT,,satellite,Larus fuscus,91786,Navigation experiments in lesser black-backed gulls (data from Wikelski et al. 2015),"argos-doppler-shift,gps"
122,Larus fuscus_q986rc29,q986rc29,q986rc29_91794A,Larus fuscus,91794A,91794,2009-08-20 04:00:00.000,2009-12-15 03:04:12.000,adult,,harness,Ethiopia,Microwave Telemetry Inc,30.0,PTT-100 Solar Argos/GPS PTT,,satellite,Larus fuscus,91794,Navigation experiments in lesser black-backed gulls (data from Wikelski et al. 2015),"argos-doppler-shift,gps"
123,Larus fuscus_q986rc29,q986rc29,q986rc29_91827A,Larus fuscus,91827A,91827,2009-08-20 04:00:00.000,2009-09-03 15:13:14.000,juv,,harness,local dead,Microwave Telemetry Inc,30.0,PTT-100 Solar Argos/GPS PTT,,satellite,Larus fuscus,91827,Navigation experiments in lesser black-backed gulls (data from Wikelski et al. 2015),"argos-doppler-shift,gps"
124,Larus fuscus_q986rc29,q986rc29,q986rc29_91789A,Larus fuscus,91789A,91789,2009-08-20 04:00:00.000,2012-07-22 01:12:36.000,adult,,harness,Egypt,Microwave Telemetry Inc,30.0,PTT-100 Solar Argos/GPS PTT,,satellite,Larus fuscus,91789,Navigation experiments in lesser black-backed gulls (data from Wikelski et al. 2015),"argos-doppler-shift,gps"
125,Larus fuscus_q986rc29,q986rc29,q986rc29_91799A,Larus fuscus,91799A,91799,2009-08-20 04:00:00.000,2009-12-03 10:33:47.000,adult,,harness,Jordan,Microwave Telemetry Inc,30.0,PTT-100 Solar Argos/GPS PTT,,satellite,Larus fuscus,91799,Navigation experiments in lesser black-backed gulls (data from Wikelski et al. 2015),"argos-doppler-shift,gps"
126,Larus fuscus_q986rc29,q986rc29,q986rc29_91825A,Larus fuscus,91825A,91825,2009-08-20 04:00:00.000,2009-09-09 22:28:53.000,adult,,harness,local dead,Microwave Telemetry Inc,30.0,PTT-100 Solar Argos/GPS PTT,,satellite,Larus fuscus,91825,Navigation experiments in lesser black-backed gulls (data from Wikelski et al. 2015),"argos-doppler-shift,gps"
127,Larus fuscus_q986rc29,q986rc29,q986rc29_91811A,Larus fuscus,91811A,91811,2009-08-20 04:00:00.000,2010-05-07 11:02:07.000,adult,,harness,Jemen,Microwave Telemetry Inc,30.0,PTT-100 Solar Argos/GPS PTT,,satellite,Larus fuscus,91811,Navigation experiments in lesser black-backed gulls (data from Wikelski et al. 2015),"argos-doppler-shift,gps"
